<?xml version="1.0" encoding="UTF-8"?>
<project-private xmlns="http://www.netbeans.org/ns/project-private/1">
    <editor-bookmarks xmlns="http://www.netbeans.org/ns/editor-bookmarks/2" lastBookmarkId="0"/>
    <open-files xmlns="http://www.netbeans.org/ns/projectui-open-files/2">
        <group name="Thread">
            <file>file:/D:/proyectosNetBeans/Youtube/Thread/Ejercicio_thread_DDR_3/src/ejercicio_thread_ddr_2/RelojDigital.java</file>
            <file>file:/D:/proyectosNetBeans/Youtube/Thread/Ejercicio_thread_DDR_3/src/ejercicio_thread_ddr_2/FrmContador.java</file>
        </group>
    </open-files>
</project-private>
